{
    "name": "Global Information",
    "numberOfRequests": {
        "total": 37800,
        "ok": 37800,
        "ko": 0
    },
    "minResponseTime": {
        "total": 312,
        "ok": 312,
        "ko": 0
    },
    "maxResponseTime": {
        "total": 17615,
        "ok": 17615,
        "ko": 0
    },
    "meanResponseTime": {
        "total": 9704,
        "ok": 9704,
        "ko": 0
    },
    "standardDeviation": {
        "total": 2549,
        "ok": 2549,
        "ko": 0
    },
    "percentiles1": {
        "total": 9942,
        "ok": 9942,
        "ko": 0
    },
    "percentiles2": {
        "total": 11129,
        "ok": 11129,
        "ko": 0
    },
    "percentiles3": {
        "total": 13470,
        "ok": 13470,
        "ko": 0
    },
    "percentiles4": {
        "total": 15613,
        "ok": 15613,
        "ko": 0
    },
    "group1": {
    "name": "t < 800 ms",
    "count": 56,
    "percentage": 0
},
    "group2": {
    "name": "800 ms < t < 1200 ms",
    "count": 70,
    "percentage": 0
},
    "group3": {
    "name": "t > 1200 ms",
    "count": 37674,
    "percentage": 100
},
    "group4": {
    "name": "failed",
    "count": 0,
    "percentage": 0
},
    "meanNumberOfRequestsPerSecond": {
        "total": 154.28571428571428,
        "ok": 154.28571428571428,
        "ko": 0
    }
}