{
  "type": "GROUP",
"name": "Global Information",
"path": "",
"pathFormatted": "group_missing-name-b06d1",
"stats": {
    "name": "Global Information",
    "numberOfRequests": {
        "total": 37800,
        "ok": 37800,
        "ko": 0
    },
    "minResponseTime": {
        "total": 312,
        "ok": 312,
        "ko": 0
    },
    "maxResponseTime": {
        "total": 17615,
        "ok": 17615,
        "ko": 0
    },
    "meanResponseTime": {
        "total": 9704,
        "ok": 9704,
        "ko": 0
    },
    "standardDeviation": {
        "total": 2549,
        "ok": 2549,
        "ko": 0
    },
    "percentiles1": {
        "total": 9942,
        "ok": 9942,
        "ko": 0
    },
    "percentiles2": {
        "total": 11129,
        "ok": 11129,
        "ko": 0
    },
    "percentiles3": {
        "total": 13470,
        "ok": 13470,
        "ko": 0
    },
    "percentiles4": {
        "total": 15613,
        "ok": 15613,
        "ko": 0
    },
    "group1": {
    "name": "t < 800 ms",
    "count": 56,
    "percentage": 0
},
    "group2": {
    "name": "800 ms < t < 1200 ms",
    "count": 70,
    "percentage": 0
},
    "group3": {
    "name": "t > 1200 ms",
    "count": 37674,
    "percentage": 100
},
    "group4": {
    "name": "failed",
    "count": 0,
    "percentage": 0
},
    "meanNumberOfRequestsPerSecond": {
        "total": 154.28571428571428,
        "ok": 154.28571428571428,
        "ko": 0
    }
},
"contents": {
"req_rxadduser-api-9b84b": {
        "type": "REQUEST",
        "name": "RxAddUser-API",
"path": "RxAddUser-API",
"pathFormatted": "req_rxadduser-api-9b84b",
"stats": {
    "name": "RxAddUser-API",
    "numberOfRequests": {
        "total": 9000,
        "ok": 9000,
        "ko": 0
    },
    "minResponseTime": {
        "total": 1477,
        "ok": 1477,
        "ko": 0
    },
    "maxResponseTime": {
        "total": 17492,
        "ok": 17492,
        "ko": 0
    },
    "meanResponseTime": {
        "total": 10952,
        "ok": 10952,
        "ko": 0
    },
    "standardDeviation": {
        "total": 2734,
        "ok": 2734,
        "ko": 0
    },
    "percentiles1": {
        "total": 11065,
        "ok": 11065,
        "ko": 0
    },
    "percentiles2": {
        "total": 12754,
        "ok": 12754,
        "ko": 0
    },
    "percentiles3": {
        "total": 15386,
        "ok": 15386,
        "ko": 0
    },
    "percentiles4": {
        "total": 16706,
        "ok": 16706,
        "ko": 0
    },
    "group1": {
    "name": "t < 800 ms",
    "count": 0,
    "percentage": 0
},
    "group2": {
    "name": "800 ms < t < 1200 ms",
    "count": 0,
    "percentage": 0
},
    "group3": {
    "name": "t > 1200 ms",
    "count": 9000,
    "percentage": 100
},
    "group4": {
    "name": "failed",
    "count": 0,
    "percentage": 0
},
    "meanNumberOfRequestsPerSecond": {
        "total": 36.734693877551024,
        "ok": 36.734693877551024,
        "ko": 0
    }
}
    },"req_rxgetuser-api-c5a95": {
        "type": "REQUEST",
        "name": "RxGetUser-API",
"path": "RxGetUser-API",
"pathFormatted": "req_rxgetuser-api-c5a95",
"stats": {
    "name": "RxGetUser-API",
    "numberOfRequests": {
        "total": 9000,
        "ok": 9000,
        "ko": 0
    },
    "minResponseTime": {
        "total": 7471,
        "ok": 7471,
        "ko": 0
    },
    "maxResponseTime": {
        "total": 17615,
        "ok": 17615,
        "ko": 0
    },
    "meanResponseTime": {
        "total": 10750,
        "ok": 10750,
        "ko": 0
    },
    "standardDeviation": {
        "total": 1415,
        "ok": 1415,
        "ko": 0
    },
    "percentiles1": {
        "total": 10552,
        "ok": 10552,
        "ko": 0
    },
    "percentiles2": {
        "total": 11564,
        "ok": 11564,
        "ko": 0
    },
    "percentiles3": {
        "total": 13275,
        "ok": 13275,
        "ko": 0
    },
    "percentiles4": {
        "total": 15074,
        "ok": 15074,
        "ko": 0
    },
    "group1": {
    "name": "t < 800 ms",
    "count": 0,
    "percentage": 0
},
    "group2": {
    "name": "800 ms < t < 1200 ms",
    "count": 0,
    "percentage": 0
},
    "group3": {
    "name": "t > 1200 ms",
    "count": 9000,
    "percentage": 100
},
    "group4": {
    "name": "failed",
    "count": 0,
    "percentage": 0
},
    "meanNumberOfRequestsPerSecond": {
        "total": 36.734693877551024,
        "ok": 36.734693877551024,
        "ko": 0
    }
}
    },"req_rxlisttusers-ap-4b038": {
        "type": "REQUEST",
        "name": "RxListtUsers-API",
"path": "RxListtUsers-API",
"pathFormatted": "req_rxlisttusers-ap-4b038",
"stats": {
    "name": "RxListtUsers-API",
    "numberOfRequests": {
        "total": 1800,
        "ok": 1800,
        "ko": 0
    },
    "minResponseTime": {
        "total": 7493,
        "ok": 7493,
        "ko": 0
    },
    "maxResponseTime": {
        "total": 15039,
        "ok": 15039,
        "ko": 0
    },
    "meanResponseTime": {
        "total": 10413,
        "ok": 10413,
        "ko": 0
    },
    "standardDeviation": {
        "total": 1136,
        "ok": 1136,
        "ko": 0
    },
    "percentiles1": {
        "total": 10287,
        "ok": 10287,
        "ko": 0
    },
    "percentiles2": {
        "total": 11036,
        "ok": 11036,
        "ko": 0
    },
    "percentiles3": {
        "total": 12516,
        "ok": 12516,
        "ko": 0
    },
    "percentiles4": {
        "total": 13388,
        "ok": 13388,
        "ko": 0
    },
    "group1": {
    "name": "t < 800 ms",
    "count": 0,
    "percentage": 0
},
    "group2": {
    "name": "800 ms < t < 1200 ms",
    "count": 0,
    "percentage": 0
},
    "group3": {
    "name": "t > 1200 ms",
    "count": 1800,
    "percentage": 100
},
    "group4": {
    "name": "failed",
    "count": 0,
    "percentage": 0
},
    "meanNumberOfRequestsPerSecond": {
        "total": 7.346938775510204,
        "ok": 7.346938775510204,
        "ko": 0
    }
}
    },"req_rxupdateuser-ap-2a512": {
        "type": "REQUEST",
        "name": "RxUpdateUser-API",
"path": "RxUpdateUser-API",
"pathFormatted": "req_rxupdateuser-ap-2a512",
"stats": {
    "name": "RxUpdateUser-API",
    "numberOfRequests": {
        "total": 9000,
        "ok": 9000,
        "ko": 0
    },
    "minResponseTime": {
        "total": 4818,
        "ok": 4818,
        "ko": 0
    },
    "maxResponseTime": {
        "total": 15070,
        "ok": 15070,
        "ko": 0
    },
    "meanResponseTime": {
        "total": 9834,
        "ok": 9834,
        "ko": 0
    },
    "standardDeviation": {
        "total": 1234,
        "ok": 1234,
        "ko": 0
    },
    "percentiles1": {
        "total": 9819,
        "ok": 9819,
        "ko": 0
    },
    "percentiles2": {
        "total": 10614,
        "ok": 10614,
        "ko": 0
    },
    "percentiles3": {
        "total": 11987,
        "ok": 11987,
        "ko": 0
    },
    "percentiles4": {
        "total": 12836,
        "ok": 12836,
        "ko": 0
    },
    "group1": {
    "name": "t < 800 ms",
    "count": 0,
    "percentage": 0
},
    "group2": {
    "name": "800 ms < t < 1200 ms",
    "count": 0,
    "percentage": 0
},
    "group3": {
    "name": "t > 1200 ms",
    "count": 9000,
    "percentage": 100
},
    "group4": {
    "name": "failed",
    "count": 0,
    "percentage": 0
},
    "meanNumberOfRequestsPerSecond": {
        "total": 36.734693877551024,
        "ok": 36.734693877551024,
        "ko": 0
    }
}
    },"req_rxremoveuser-ap-a8cd9": {
        "type": "REQUEST",
        "name": "RxRemoveUser-API",
"path": "RxRemoveUser-API",
"pathFormatted": "req_rxremoveuser-ap-a8cd9",
"stats": {
    "name": "RxRemoveUser-API",
    "numberOfRequests": {
        "total": 9000,
        "ok": 9000,
        "ko": 0
    },
    "minResponseTime": {
        "total": 312,
        "ok": 312,
        "ko": 0
    },
    "maxResponseTime": {
        "total": 13273,
        "ok": 13273,
        "ko": 0
    },
    "meanResponseTime": {
        "total": 7140,
        "ok": 7140,
        "ko": 0
    },
    "standardDeviation": {
        "total": 2585,
        "ok": 2585,
        "ko": 0
    },
    "percentiles1": {
        "total": 7486,
        "ok": 7486,
        "ko": 0
    },
    "percentiles2": {
        "total": 9038,
        "ok": 9038,
        "ko": 0
    },
    "percentiles3": {
        "total": 10891,
        "ok": 10891,
        "ko": 0
    },
    "percentiles4": {
        "total": 11928,
        "ok": 11928,
        "ko": 0
    },
    "group1": {
    "name": "t < 800 ms",
    "count": 56,
    "percentage": 1
},
    "group2": {
    "name": "800 ms < t < 1200 ms",
    "count": 70,
    "percentage": 1
},
    "group3": {
    "name": "t > 1200 ms",
    "count": 8874,
    "percentage": 99
},
    "group4": {
    "name": "failed",
    "count": 0,
    "percentage": 0
},
    "meanNumberOfRequestsPerSecond": {
        "total": 36.734693877551024,
        "ok": 36.734693877551024,
        "ko": 0
    }
}
    }
}

}