{
    "name": "Global Information",
    "numberOfRequests": {
        "total": 21358,
        "ok": 11694,
        "ko": 9664
    },
    "minResponseTime": {
        "total": 344,
        "ok": 344,
        "ko": 1000
    },
    "maxResponseTime": {
        "total": 60034,
        "ok": 59960,
        "ko": 60034
    },
    "meanResponseTime": {
        "total": 19616,
        "ok": 14301,
        "ko": 26048
    },
    "standardDeviation": {
        "total": 22792,
        "ok": 13705,
        "ko": 29074
    },
    "percentiles1": {
        "total": 7156,
        "ok": 9580,
        "ko": 1005
    },
    "percentiles2": {
        "total": 33793,
        "ok": 19860,
        "ko": 60001
    },
    "percentiles3": {
        "total": 60002,
        "ok": 45731,
        "ko": 60002
    },
    "percentiles4": {
        "total": 60004,
        "ok": 56795,
        "ko": 60005
    },
    "group1": {
    "name": "t < 800 ms",
    "count": 109,
    "percentage": 1
},
    "group2": {
    "name": "800 ms < t < 1200 ms",
    "count": 160,
    "percentage": 1
},
    "group3": {
    "name": "t > 1200 ms",
    "count": 11425,
    "percentage": 53
},
    "group4": {
    "name": "failed",
    "count": 9664,
    "percentage": 45
},
    "meanNumberOfRequestsPerSecond": {
        "total": 71.19333333333333,
        "ok": 38.98,
        "ko": 32.21333333333333
    }
}