{
    "name": "Global Information",
    "numberOfRequests": {
        "total": 37668,
        "ok": 11249,
        "ko": 26419
    },
    "minResponseTime": {
        "total": 365,
        "ok": 365,
        "ko": 999
    },
    "maxResponseTime": {
        "total": 60034,
        "ok": 59986,
        "ko": 60034
    },
    "meanResponseTime": {
        "total": 10968,
        "ok": 12205,
        "ko": 10441
    },
    "standardDeviation": {
        "total": 19083,
        "ok": 11408,
        "ko": 21514
    },
    "percentiles1": {
        "total": 1180,
        "ok": 8943,
        "ko": 1070
    },
    "percentiles2": {
        "total": 10339,
        "ok": 17306,
        "ko": 1203
    },
    "percentiles3": {
        "total": 60001,
        "ok": 35589,
        "ko": 60002
    },
    "percentiles4": {
        "total": 60003,
        "ok": 50897,
        "ko": 60003
    },
    "group1": {
    "name": "t < 800 ms",
    "count": 123,
    "percentage": 0
},
    "group2": {
    "name": "800 ms < t < 1200 ms",
    "count": 257,
    "percentage": 1
},
    "group3": {
    "name": "t > 1200 ms",
    "count": 10869,
    "percentage": 29
},
    "group4": {
    "name": "failed",
    "count": 26419,
    "percentage": 70
},
    "meanNumberOfRequestsPerSecond": {
        "total": 125.56,
        "ok": 37.49666666666667,
        "ko": 88.06333333333333
    }
}